,Dog breed,category,datadog score,POPULARITY IN US,POPULARITY IN US.1,"LIFETIME COST, $",5 LIFETIME COST,1 INTELLIGENCE (TRAINABILITY) ranking,INTELLIGENCE (TRAINABILITY) ranking,NUM_LONGEVITY,LONGEVITY,3 NO. OF GENETIC AILMENTS,GENETIC AILMENTS,"4a average purchase price, US$","average purchase price, US$","4b food costs per year, US$","food costs per year, US$",5a grooming required ,grooming required ,5b suitability for children ,suitability for children ,ULTIMATE TOP DOG MEGA SCORE (with kids),ULTIMATE TOP DATA DOG MEGA RANKING - without kids,ULTIMATE TOP DATA DOG MEGA RANKING - with kids,ULTIMATE TOP DOG MEGA SCORE,POPULAR RATING,size category,weight (kg),weight (lbs),shoulder height (cm),shoulder height (in),note,intelligence category,repetitions to understand new commands,obey first command (% of time),longevity sample size - survey sample size,GENETIC DISEASES - congenital ailments: summary / areas affected,congenital ailments: summary / areas affected,exclude?,most abandoned?,"4 LIFETIME COST, $",4 LIFETIME COST,average purchase price (US $),price bracket,lowest (US$),highest (US$),"food per week, average, £","min, £","max, £","food per week, $","food per year, $","food per lifetime, $","Other regular costs, total per lifetime, $","total  per year, $","total, per year, £","toys, presents, treats, per year, £","pet sitters, per year, £","grooming, per year, £","vet fees per year, £","kennels per year, £","one offs, $"
1,Border Collie,herding,3.64,45,39,20143.0,48%,1,100%,12.52,79%,2,78%,623.0,71%,324.0,68%,2,75%,3,0%,4.02,1.0,29.0,3.64,45,medium,,,51,20,,Brightest,<5,>95,164,"eye problems, deafness","Collie eye anomaly, deafness",,,"17,404",48%,623,budget,175,1050,4,4,4,5.34,278,"3,486","13,095","1,046",784.0,121,126.0,244.0,177.0,116.0,200
2,Border Terrier,terrier,3.61,80,61,22638.0,14%,30,70%,14.00,98%,0,100%,833.0,44%,324.0,68%,2,75%,1,100%,4.99,2.0,1.0,3.61,80,small,6,13.5,,,,Above average,15-25,>70,177,,,,,"19,575",14%,833,mid-price,250,1200,4,4,4,5.34,278,"3,898","14,643","1,046",784.0,121,126.0,244.0,177.0,116.0,200
3,Brittany,sporting,3.54,30,30,22589.0,16%,19,80%,12.92,89%,0,100%,618.0,72%,466.0,23%,2,75%,2,50%,4.42,3.0,11.0,3.54,30,medium,16,35,48,19,,Excellent,5-15,>85,28,,,,,"19,503",16%,618,budget,300,1200,5.75,4,7.5,7.67,400,"5,171","13,514","1,046",784.0,121,126.0,244.0,177.0,116.0,200
4,Cairn Terrier,terrier,3.53,59,48,21992.0,22%,35,61%,13.84,95%,2,78%,435.0,95%,324.0,68%,2,75%,1,100%,4.91,4.0,2.0,3.53,59,small,6,14,25,10,,Above average,15-25,>70,156,"'lion jaw', heart problems  ","Craniomandibular osteopathy (""lion jaw""), Mitral valve dysplasia",,,"18,965",23%,435,budget,300,600,4,4,4,5.34,278,"3,854","14,476","1,046",784.0,121,126.0,244.0,177.0,116.0,200
5,Welsh Springer Spaniel,sporting,3.34,130,81,20224.0,47%,31,69%,12.49,77%,1,89%,750.0,55%,324.0,68%,2,75%,1,100%,4.71,5.0,4.0,3.34,130,medium,,,46,18,only one dog for sale,Above average,15-25,>70,172,hip problems,hip dysplasia,,,"17,492",46%,750,mid-price,750,750,4,4,4,5.34,278,"3,478","13,064","1,046",784.0,121,126.0,244.0,177.0,116.0,200
6,English Cocker Spaniel,sporting,3.33,63,51,18993.0,63%,18,82%,11.66,54%,0,100%,800.0,52%,324.0,68%,2,75%,1,100%,4.70,6.0,5.0,3.33,63,medium,14,30,41,16,,Excellent,5-15,>85,1199,,,,,"16,442",63%,800,mid-price,600,1000,4,4,4,5.34,278,"3,247","12,196","1,046",784.0,121,126.0,244.0,177.0,116.0,200
7,Cocker Spaniel,sporting,3.3,27,27,24330.0,9%,20,79%,12.50,78%,2,78%,465.0,93%,674.0,21%,2,75%,1,100%,4.67,7.0,6.0,3.30,27,small,11,25,37,14.5,American cocker spaniel,Excellent,5-15,>85,,"eye, skin problems","Retinal dysplasia, seborrhea",,,"19,888",11%,465,budget,250,800,,,,9,492,"6,149","13,074","1,046",784.0,121,126.0,244.0,177.0,116.0,200
8,Papillon,toy,3.26,38,33,21001.0,36%,8,92%,13.00,90%,5,44%,740.0,56%,324.0,68%,2,75%,2,50%,4.13,8.0,22.0,3.26,38,small,,,24,9.5,,Brightest,<5,>95,100,"cataracts, hair loss, heart, eye, blood clotting disorders","Cataracts, Follicular dysplasias, Mitral valve dysplasia, Progressive retinal atrophy, von Willebrand's disease",,,"18,157",37%,740,mid-price,400,1000,4,4,4,5.34,278,"3,620","13,597","1,046",784.0,121,126.0,244.0,177.0,116.0,200
9,Australian Cattle Dog,herding,3.25,60,49,20395.0,43%,10,90%,11.67,55%,1,89%,530.0,85%,466.0,23%,2,75%,3,0%,3.63,9.0,52.0,3.25,60,medium,,,47,18.5,,Brightest,<5,>95,11,hip problems,hip dysplasia,,,"17,607",43%,530,budget,250,1000,5.75,4,7.5,7.67,400,"4,671","12,206","1,046",784.0,121,126.0,244.0,177.0,116.0,200
10,Shetland Sheepdog,herding,3.22,20,20,21006.0,34%,6,94%,12.53,80%,5,44%,465.0,93%,405.0,63%,1,50%,1,100%,4.47,11.0,8.0,3.22,20,small,10.15,22,37,14.5,,Brightest,<5,>95,439,"eye problems, deafness, skin + heart problems, blood clotting disorders","Collie eye anomaly (CEA), deafness, Dermatomyositis and ulcerative dermatosis, Patent ductus arteriosus (PDA), von Willebrand's disease",,,"17,469",47%,465,budget,150,1000,,,,6,295,"3,698","13,106","1,046",784.0,121,126.0,244.0,177.0,116.0,200
11,Siberian Husky,working,3.22,16,16,22049.0,20%,45,45%,12.58,83%,0,100%,650.0,67%,466.0,23%,3,100%,1,100%,4.72,10.0,3.0,3.22,16,medium,22,47.5,55,21.75,Longevity based on UK KC Survey 2004,Average,25-40,>50,129,,,,,"19,043",21%,650,budget,450,1000,5.75,4,7.5,7.67,400,"5,035","13,158","1,046",784.0,121,126.0,244.0,177.0,116.0,200
12,Lhasa Apso,non-sporting,3.21,62,50,22031.0,21%,68,15%,13.92,97%,1,89%,350.0,98%,324.0,68%,2,75%,1,100%,4.58,12.0,7.0,3.21,62,small,7,15,27,10.5,,Fair,40-80,>30,91,'dry eye',"Keratoconjunctivitis sicca (KCS) - ""dry eye""",,,"18,985",22%,350,budget,175,550,4,4,4,5.34,278,"3,876","14,560","1,046",784.0,121,126.0,244.0,177.0,116.0,200
13,Affenpinscher,toy,3.2,139,84,18333.0,72%,37,56%,11.42,47%,0,100%,510.0,90%,324.0,68%,2,75%,2,50%,4.07,13.0,26.0,3.20,139,small,,,26,10.25,,Above average,15-25,>70,21,,,,,"15,835",71%,510,budget,200,800,4,4,4,5.34,278,"3,180","11,945","1,046",784.0,121,126.0,244.0,177.0,116.0,200
14,Dachshund,hound,3.19,9,9,20113.0,49%,49,37%,12.63,85%,2,78%,423.0,97%,324.0,68%,2,75%,3,0%,3.57,14.0,54.0,3.19,9,small,11,24,,,,Average,25-40,>50,265,"skin, spinal problems","acanthosis nigricans, Intervertebral disk disease",,,"17,350",49%,423,budget,125,750,4,4,4,5.34,278,"3,517","13,210","1,046",784.0,121,126.0,244.0,177.0,116.0,200
15,Miniature Schnauzer,terrier,3.19,12,12,20087.0,51%,12,87%,11.81,56%,2,78%,715.0,57%,405.0,63%,2,75%,2,50%,4.07,14.0,27.0,3.19,12,small,7,15.5,33,13,,Excellent,5-15,>85,232,"liver, sinus problems","Portosystemic shunt, Sick sinus syndrome",,,"16,753",60%,715,mid-price,200,1600,,,,6,295,"3,486","12,353","1,046",784.0,121,126.0,244.0,177.0,116.0,200
16,Chihuahua,toy,3.15,14,14,26250.0,2%,67,16%,16.50,100%,1,89%,588.0,78%,324.0,68%,2,75%,3,0%,3.53,16.0,55.0,3.15,14,small,2,5.5,13,5,weight should not exceed 6 pounds,Fair,40-80,>30,,knee problems,Patellar luxation,,,"22,640",1%,588,budget,200,1500,4,4,4,5.34,278,"4,594","17,258","1,046",784.0,121,126.0,244.0,177.0,116.0,200
17,Australian Terrier,terrier,3.11,121,77,17892.0,76%,34,64%,11.05,40%,0,100%,640.0,70%,324.0,68%,2,75%,2,50%,3.99,17.0,30.0,3.11,121,small,,,27,10.5,,Above average,15-25,>70,241,,,,,"15,475",75%,640,budget,200,900,4,4,4,5.34,278,"3,077","11,558","1,046",784.0,121,126.0,244.0,177.0,116.0,200
18,Whippet,hound,3.11,57,46,20976.0,38%,51,34%,12.87,87%,0,100%,915.0,36%,324.0,68%,2,75%,2,50%,3.99,17.0,30.0,3.11,57,medium,,,51,20,,Average,25-40,>50,500,,,,,"18,160",36%,915,mid-price,650,1200,4,4,4,5.34,278,"3,584","13,461","1,046",784.0,121,126.0,244.0,177.0,116.0,200
19,English Springer Spaniel,sporting,3.09,29,29,21946.0,24%,13,86%,12.54,82%,4,56%,615.0,74%,466.0,23%,2,75%,1,100%,4.47,19.0,9.0,3.09,29,medium,20,45,50,19.5,,Excellent,5-15,>85,194,"hip, eye, skin problems; enzyme deficiency","Hip dysplasia, Phosphofructokinase (PFK) deficiency, Retinal dysplasia, seborrhea",,,"18,950",24%,615,budget,450,1500,5.75,4,7.5,7.67,400,"5,019","13,116","1,046",784.0,121,126.0,244.0,177.0,116.0,200
20,West Highland White Terrier,terrier,3.08,35,32,20490.0,41%,47,41%,12.80,86%,3,67%,538.0,84%,324.0,68%,2,75%,1,100%,4.45,20.0,10.0,3.08,35,small,,,27,10.5,,Average,25-40,>50,80,"'lion jaw', 'dry eye', skin problems","Craniomandibular osteopathy (""lion jaw""), Keratoconjunctivitis sicca (KCS) - ""dry eye"", seborrhea",,,"17,690",40%,538,budget,275,750,4,4,4,5.34,278,"3,564","13,388","1,046",784.0,121,126.0,244.0,177.0,116.0,200
21,Bedlington Terrier,terrier,3.07,134,83,22107.0,17%,40,54%,13.51,93%,2,78%,1058.0,22%,324.0,68%,2,75%,2,50%,3.95,21.0,35.0,3.07,134,small,9,20,,,Price: only 6 puppies for breed,Average,25-40,>50,54,"liver, eye problems","Chronic hepatitis, Retinal dysplasia",,,"19,151",17%,"1,058",mid-price,250,1800,4,4,4,5.34,278,"3,762","14,131","1,046",784.0,121,126.0,244.0,177.0,116.0,200
22,Poodle,non-sporting,3.04,8,8,21237.0,31%,2,99%,11.95,60%,2,78%,900.0,38%,466.0,23%,2,75%,2,50%,3.92,22.0,39.0,3.04,8,medium,,,41,16,15 in is min height for standard poodle,Brightest,<5,>95,1178,"fatal stomach bloat, skin disorder","Gastric dilatation-volvulus (serious stomach disorder), sebaceous adenitis (skin disorder)",,,"18,382",31%,900,mid-price,500,1500,5.75,4,7.5,7.67,400,"4,783","12,499","1,046",784.0,121,126.0,244.0,177.0,116.0,200
23,Bichon Frise,non-sporting,3.03,39,34,19735.0,54%,45,45%,12.21,68%,0,100%,693.0,62%,324.0,68%,1,50%,1,100%,4.28,25.0,16.0,3.03,39,small,,,27,10.5,,Average,25-40,>50,146,,,,,"17,063",53%,693,budget,250,1500,4,4,4,5.34,278,"3,400","12,771","1,046",784.0,121,126.0,244.0,177.0,116.0,200
24,German Shorthaired Pointer,sporting,3.03,15,15,25842.0,3%,17,84%,11.46,49%,1,89%,545.0,83%,971.0,5%,2,75%,1,100%,4.41,23.0,12.0,3.03,15,large,28,62.5,61,24,,Excellent,5-15,>85,203,hip problems,hip dysplasia,,,"20,849",9%,545,budget,200,850,,,,14,708,"8,117","11,987","1,046",784.0,121,126.0,244.0,177.0,116.0,200
25,Pointer,sporting,3.03,115,74,24445.0,8%,43,49%,12.42,75%,1,89%,294.0,99%,710.0,6%,2,75%,1,100%,4.40,24.0,13.0,3.03,115,large,27,59.5,65,25.5,English Pointer. price: 8 puppies for sale only,Average,25-40,>50,145,hip problems,hip dysplasia,,,"21,049",8%,294,budget,50,500,8.75,7.5,10,11.67,609,"7,565","12,991","1,046",784.0,121,126.0,244.0,177.0,116.0,200
26,Tibetan Spaniel,non-sporting,3.02,114,73,25549.0,5%,46,43%,14.42,99%,0,100%,1050.0,24%,466.0,23%,2,75%,1,100%,4.40,26.0,14.0,3.02,114,small,5,12,25,10,,Average,25-40,>50,125,,,,,"22,104",2%,"1,050",mid-price,500,2000,5.75,4,7.5,7.67,400,"5,772","15,083","1,046",784.0,121,126.0,244.0,177.0,116.0,200
27,Labrador Retriever,sporting,2.97,1,1,21299.0,30%,7,93%,12.04,63%,3,67%,810.0,51%,466.0,23%,2,75%,1,100%,4.35,27.0,15.0,2.97,1,medium,31,67.5,58,23,,Brightest,<5,>95,1101,"elbows, hips, eyes","elbow dysplasia, hip dysplasia, retinal dysplasia",,,"18,422",30%,810,mid-price,299,1500,5.75,4,7.5,7.67,400,"4,819","12,593","1,046",784.0,121,126.0,244.0,177.0,116.0,200
28,Maltese,toy,2.93,23,23,19084.0,62%,59,25%,12.25,69%,1,89%,650.0,69%,270.0,100%,1,50%,3,0%,3.18,29.0,65.0,2.93,23,small,2,5,23,9,,Fair,40-80,>30,42,heart problems,Patent ductus arteriosus (PDA),,,"16,073",67%,650,budget,300,1000,,,,4,197,"2,410","12,813","1,046",784.0,121,126.0,244.0,177.0,116.0,200
29,Pomeranian,toy,2.93,17,17,15792.0,93%,23,77%,9.67,23%,1,89%,670.0,66%,324.0,68%,2,75%,2,50%,3.81,28.0,45.0,2.93,17,small,2,5,,,,Excellent,5-15,>85,29,heart problems,Patent ductus arteriosus (PDA),,,"13,677",93%,670,budget,200,1500,4,4,4,5.34,278,"2,693","10,114","1,046",784.0,121,126.0,244.0,177.0,116.0,200
30,Shih Tzu,toy,2.93,11,11,21152.0,32%,70,13%,13.20,92%,1,89%,583.0,80%,324.0,68%,1,50%,1,100%,4.18,29.0,19.0,2.93,11,small,6,12.5,25,9.75,,Lowest,80-100,<25,97,eye problems,"Exposure keratopathy syndrome (exophthalmos, lagophthalmos, and/or macroblepharon)",,,"18,264",32%,583,budget,275,1200,4,4,4,5.34,278,"3,675","13,806","1,046",784.0,121,126.0,244.0,177.0,116.0,200
31,Australian Shepherd,herding,2.91,24,24,21458.0,28%,42,52%,12.28,71%,2,78%,565.0,82%,466.0,23%,2,75%,2,50%,3.78,31.0,46.0,2.91,24,medium,,,52,20.5,,Average,25-40,>50,641,"deafness, hip problems","deafness, hip dysplasia",,,"18,524",29%,565,budget,250,1000,5.75,4,7.5,7.67,400,"4,915","12,844","1,046",784.0,121,126.0,244.0,177.0,116.0,200
32,Yorkshire Terrier,toy,2.85,5,5,20701.0,39%,27,75%,12.60,84%,4,56%,1057.0,23%,324.0,68%,1,50%,3,0%,3.10,32.0,69.0,2.85,5,small,2,5.5,,,,Above average,15-25,>70,63,"knee, liver, trachea, eye disorders","Patellar luxation, Portosystemic shunt, tracheal collapse, Retinal dysplasia",,,"17,944",38%,"1,057",mid-price,275,2800,4,4,4,5.34,278,"3,508","13,179","1,046",784.0,121,126.0,244.0,177.0,116.0,200
33,Irish Setter,sporting,2.84,70,56,20323.0,45%,35,61%,11.63,53%,2,78%,525.0,86%,466.0,23%,2,75%,1,100%,4.21,33.0,17.0,2.84,70,large,29,65,66,26,,Above average,15-25,>70,922,"hip, eye problems","Hip dysplasia, Progressive retinal atrophy",,,"17,544",45%,525,budget,300,1000,5.75,4,7.5,7.67,400,"4,655","12,164","1,046",784.0,121,126.0,244.0,177.0,116.0,200
34,Pharaoh Hound,hound,2.81,151,86,21047.0,33%,37,56%,11.83,57%,0,100%,913.0,37%,466.0,23%,2,75%,2,50%,3.69,34.0,47.0,2.81,151,medium,,,58,23,price: 6 puppies for sale only,Above average,15-25,>70,15,,,,,"18,221",33%,913,mid-price,475,1000,5.75,4,7.5,7.67,400,"4,735","12,374","1,046",784.0,121,126.0,244.0,177.0,116.0,200
35,Brussels Griffon,toy,2.8,77,59,19551.0,57%,59,25%,12.00,61%,0,100%,833.0,45%,324.0,68%,2,75%,3,0%,3.18,36.0,66.0,2.80,77,small,4,9,,,,Fair,40-80,>30,71,,,,,"16,925",56%,833,mid-price,500,1500,4,4,4,5.34,278,"3,341","12,551","1,046",784.0,121,126.0,244.0,177.0,116.0,200
36,Golden Retriever,sporting,2.8,4,4,21447.0,29%,4,97%,12.04,63%,4,56%,958.0,31%,466.0,23%,2,75%,1,100%,4.17,37.0,20.0,2.80,4,medium,27,60,58,22.75,,Brightest,<5,>95,1314,"elbows, hips, eyes, heart ","elbow dysplasia, hip dysplasia, retinal dysplasia, subaortic stenosis",,,"18,571",28%,958,mid-price,325,2500,5.75,4,7.5,7.67,400,"4,819","12,593","1,046",784.0,121,126.0,244.0,177.0,116.0,200
37,Samoyed,working,2.8,69,55,25352.0,6%,33,68%,12.44,76%,1,89%,1162.0,15%,710.0,6%,2,75%,1,100%,4.18,35.0,18.0,2.80,69,medium,,,54,21.25,,Above average,15-25,>70,232,hip problems,hip dysplasia,,,"21,951",3%,"1,162",mid-price,795,1400,8.75,7.5,10,11.67,609,"7,577","13,012","1,046",784.0,121,126.0,244.0,177.0,116.0,200
38,Beagle,hound,2.79,3,3,19468.0,59%,73,9%,12.30,72%,1,89%,288.0,100%,324.0,68%,1,50%,1,100%,4.04,38.0,28.0,2.79,3,small,,,36,14,,Lowest,80-100,<25,303,heart problems,Pulmonic stenosis,,,"16,777",59%,288,budget,100,600,4,4,4,5.34,278,"3,425","12,865","1,046",784.0,121,126.0,244.0,177.0,116.0,200
39,Chesapeake Bay Retriever,sporting,2.78,46,40,16697.0,84%,27,75%,9.48,22%,1,89%,522.0,87%,466.0,23%,2,75%,1,100%,4.16,39.0,21.0,2.78,46,large,31,67.5,60,23.5,,Above average,15-25,>70,776,hip problems,hip dysplasia,,,"14,432",84%,522,budget,175,795,5.75,4,7.5,7.67,400,"3,794","9,916","1,046",784.0,121,126.0,244.0,177.0,116.0,200
40,Tibetan Terrier,non-sporting,2.75,86,64,20336.0,44%,62,22%,12.31,74%,0,100%,1140.0,17%,324.0,68%,2,75%,2,50%,3.63,40.0,51.0,2.75,86,small,11,24,39,15.5,,Fair,40-80,>30,102,,,,,"17,643",41%,"1,140",mid-price,450,1600,4,4,4,5.34,278,"3,428","12,876","1,046",784.0,121,126.0,244.0,177.0,116.0,200
41,Gordon Setter,sporting,2.73,94,69,19605.0,56%,34,64%,11.10,41%,1,89%,700.0,59%,466.0,23%,2,75%,1,100%,4.10,41.0,23.0,2.73,94,large,28,62.5,64,25,3 dogs only,Above average,15-25,>70,169,hip problems,hip dysplasia,,,"16,953",55%,700,mid-price,500,100,5.75,4,7.5,7.67,400,"4,443","11,610","1,046",784.0,121,126.0,244.0,177.0,116.0,200
42,English Setter,sporting,2.72,87,65,20312.0,46%,37,56%,11.57,52%,2,78%,615.0,74%,466.0,23%,2,75%,1,100%,4.09,43.0,25.0,2.72,87,large,,,62,24.5,,Above average,15-25,>70,402,"deafness, hip problems","deafness, hip dysplasia",,,"17,548",44%,615,budget,250,1000,5.75,4,7.5,7.67,400,"4,631","12,102","1,046",784.0,121,126.0,244.0,177.0,116.0,200
43,Pug,toy,2.72,26,26,18527.0,68%,57,29%,11.00,39%,1,89%,469.0,92%,405.0,63%,2,75%,1,100%,4.09,42.0,24.0,2.72,26,medium,7,16,41,16,,Fair,40-80,>30,163,'dry eye',"Keratoconjunctivitis sicca (KCS) - ""dry eye""",,,"15,421",76%,469,budget,250,699,,,,6,295,"3,246","11,505","1,046",784.0,121,126.0,244.0,177.0,116.0,200
44,Briard,herding,2.71,125,79,19673.0,55%,30,70%,11.17,43%,1,89%,650.0,67%,466.0,23%,1,50%,1,100%,3.96,44.0,33.0,2.71,125,large,,,62,24.5,Only 2 puppies for sale,Above average,15-25,>70,71,hip problems,hip dysplasia,,,"17,004",54%,650,budget,500,800,5.75,4,7.5,7.67,400,"4,471","11,683","1,046",784.0,121,126.0,244.0,177.0,116.0,200
45,Norfolk Terrier,terrier,2.71,120,76,24308.0,10%,56,30%,13.07,91%,0,100%,2083.0,2%,466.0,23%,2,75%,2,50%,3.58,45.0,53.0,2.71,120,small,5,12,24,9.5,price: 9 puppies only,Fair,40-80,>30,324,,,,,"21,185",7%,"2,083",high-end,250,2500,5.75,4,7.5,7.67,400,"5,231","13,671","1,046",784.0,121,126.0,244.0,177.0,116.0,200
46,Flat-Coated Retriever,sporting,2.7,90,67,16000.0,90%,18,82%,9.02,14%,0,100%,600.0,77%,466.0,23%,1,50%,1,100%,3.95,46.0,34.0,2.70,90,medium,,,59,23.25,Price: 3 dogs only,Excellent,5-15,>85,1198,,,,,"13,845",90%,600,budget,300,1200,5.75,4,7.5,7.67,400,"3,610","9,434","1,046",784.0,121,126.0,244.0,177.0,116.0,200
47,Boston Terrier,non-sporting,2.61,22,22,17741.0,77%,54,31%,10.92,38%,1,89%,690.0,63%,324.0,68%,2,75%,1,100%,3.98,47.0,32.0,2.61,22,medium,NA (3 classes),NA (3 classes),,,,Average,25-40,>50,42,breathing problems,brachycephalic syndrome,,,"15,352",77%,690,budget,400,1050,4,4,4,5.34,278,"3,041","11,422","1,046",784.0,121,126.0,244.0,177.0,116.0,200
48,Doberman Pinscher,working,2.59,13,13,18397.0,71%,5,95%,10.33,32%,4,56%,790.0,54%,466.0,23%,2,75%,2,50%,3.47,49.0,57.0,2.59,13,large,,,66,26,,Brightest,<5,>95,201,"heart, spine, blood clotting disorders","Dilated cardiomyopathy, Cervical vertebral instability (Wobbler syndrome), Intervertebral disk disease, von Willebrand's disease",,,"15,929",70%,790,mid-price,300,1200,5.75,4,7.5,7.67,400,"4,135","10,805","1,046",784.0,121,126.0,244.0,177.0,116.0,200
49,English Toy Spaniel,toy,2.59,129,80,17521.0,79%,45,45%,10.10,29%,0,100%,925.0,33%,405.0,63%,2,75%,2,50%,3.47,48.0,56.0,2.59,129,small,5,11,25,10,,Average,25-40,>50,22,,,,,"14,670",83%,925,mid-price,150,1500,,,,6,295,"2,981","10,564","1,046",784.0,121,126.0,244.0,177.0,116.0,200
50,Belgian Tervuren,herding,2.57,108,72,19132.0,61%,14,85%,10.60,34%,2,78%,1070.0,21%,466.0,23%,2,75%,1,100%,3.94,52.0,38.0,2.57,108,large,,,61,24,,Excellent,5-15,>85,105,"epilepsy, eye problems","Idiopathic epilepsy, Pannus - chronic superficial keratitis",,,"16,600",61%,"1,070",mid-price,850,1200,5.75,4,7.5,7.67,400,"4,243","11,087","1,046",784.0,121,126.0,244.0,177.0,116.0,200
51,Cavalier King Charles Spaniel,toy,2.57,21,21,18639.0,67%,44,48%,11.29,46%,2,78%,1017.0,28%,324.0,68%,2,75%,1,100%,3.95,50.0,35.0,2.57,21,small,7,15.5,32,12.5,,Average,25-40,>50,829,"heart, spinal problems","Mitral valve dysplasia, Chiari-like malformation (CM) and syringomyelia (SM)",,,"16,169",66%,"1,017",mid-price,100,1800,4,4,4,5.34,278,"3,144","11,809","1,046",784.0,121,126.0,244.0,177.0,116.0,200
52,Dalmatian,non-sporting,2.57,73,57,19886.0,53%,39,55%,11.27,45%,2,78%,695.0,61%,466.0,23%,2,75%,1,100%,3.95,50.0,35.0,2.57,73,medium,,,53,21,,Above average,15-25,>70,404,"deafness, urinary stones","Deafness, Urolithiasis (stones)",,,"17,194",52%,695,budget,350,1000,5.75,4,7.5,7.67,400,"4,511","11,788","1,046",784.0,121,126.0,244.0,177.0,116.0,200
53,Basset Hound,hound,2.54,41,36,18328.0,74%,71,11%,11.43,48%,2,78%,490.0,91%,324.0,68%,2,75%,1,100%,3.92,53.0,39.0,2.54,41,small,,,36,14,,Lowest,80-100,<25,152,"blood, skin disorders","Platelet dysfunction (thrombocytopathia, Basset hound thrombopathia), seborrhea",,,"15,827",72%,490,budget,150,1000,4,4,4,5.34,278,"3,183","11,955","1,046",784.0,121,126.0,244.0,177.0,116.0,200
54,Basenji,hound,2.51,93,68,22096.0,18%,79,2%,13.58,94%,3,67%,940.0,32%,324.0,68%,2,75%,2,50%,3.38,54.0,59.0,2.51,93,medium,10,23,42,16.5,,Lowest,80-100,<25,46,"kidney, eye problems, anaemia","Fanconi syndrome, Persistent pupillary membranes (PPM), Pyruvate kinase (PK) deficiency",,,"19,125",18%,940,mid-price,600,1200,4,4,4,5.34,278,"3,781","14,204","1,046",784.0,121,126.0,244.0,177.0,116.0,200
55,Italian Greyhound,toy,2.49,65,53,16463.0,86%,60,24%,10.02,28%,0,100%,800.0,52%,324.0,68%,2,75%,3,0%,2.86,55.0,77.0,2.49,65,small,,,36,14,,Fair,40-80,>30,203,,,,,"14,270",86%,800,mid-price,500,120,4,4,4,5.34,278,"2,790","10,480","1,046",784.0,121,126.0,244.0,177.0,116.0,200
56,Staffordshire Bull Terrier,terrier,2.48,76,58,21650.0,25%,49,37%,12.05,66%,1,89%,1145.0,16%,466.0,23%,2,75%,1,100%,3.86,56.0,41.0,2.48,76,medium,14,31,38,15,,Average,25-40,>50,157,hip problems,hip dysplasia,,,"18,772",25%,"1,145",mid-price,500,1500,5.75,4,7.5,7.67,400,"4,823","12,604","1,046",784.0,121,126.0,244.0,177.0,116.0,200
57,Bouvier des Flandres,herding,2.47,83,62,18959.0,64%,29,72%,10.34,33%,1,89%,1335.0,6%,466.0,23%,2,75%,1,100%,3.84,57.0,42.0,2.47,83,large,,,65,25.5,,Above average,15-25,>70,1079,hip problems,hip dysplasia,,,"16,489",62%,"1,335",mid-price,800,2500,5.75,4,7.5,7.67,400,"4,139","10,815","1,046",784.0,121,126.0,244.0,177.0,116.0,200
58,Pembroke Welsh Corgi,herding,2.45,25,25,23978.0,13%,11,89%,12.25,69%,9,0%,587.0,79%,674.0,21%,2,75%,1,100%,3.82,58.0,43.0,2.45,25,small,12,26,28,11,,Excellent,5-15,>85,116,"cataracts + other eye problems, connective tissue, nerves, kidneys, spine, blood clotting disorders","Cataracts, Corneal dystrophy, Cutaneous asthenia (Ehlers-Danlos syndrome), Degenerative myelopathy, Familial kidney disease, Intervertebral disk disease, Persistent pupillary membranes (PPM), Retinal dysplasia, von Willebrand's disease",,,"19,625",13%,587,budget,375,750,,,,9,492,"6,026","12,813","1,046",784.0,121,126.0,244.0,177.0,116.0,200
59,Clumber Spaniel,sporting,2.44,133,82,18084.0,75%,37,56%,10.00,25%,0,100%,1033.0,26%,466.0,23%,2,75%,1,100%,3.81,59.0,44.0,2.44,133,medium,32,70,47,18.5,,Above average,15-25,>70,301,,,,,"15,695",74%,"1,033",mid-price,800,1500,5.75,4,7.5,7.67,400,"4,003","10,459","1,046",784.0,121,126.0,244.0,177.0,116.0,200
60,Dandie Dinmont Terrier,terrier,2.42,160,87,21633.0,26%,62,22%,12.17,67%,0,100%,925.0,33%,466.0,23%,1,50%,1,100%,3.67,60.0,49.0,2.42,160,small,10,21,23,9,Only 2 for sale,Fair,40-80,>30,62,,,,,"18,725",26%,925,mid-price,850,1000,5.75,4,7.5,7.67,400,"4,871","12,729","1,046",784.0,121,126.0,244.0,177.0,116.0,200
61,Saluki,hound,2.41,117,75,24866.0,7%,43,49%,12.00,61%,0,100%,1525.0,5%,710.0,6%,1,50%,1,100%,3.66,61.0,50.0,2.41,117,medium,,,58,23,lower end of range for males (23-28). females smaller,Average,25-40,>50,132,,,,,"21,585",5%,"1,525",high-end,1000,1800,8.75,7.5,10,11.67,609,"7,309","12,551","1,046",784.0,121,126.0,244.0,177.0,116.0,200
62,Giant Schnauzer,working,2.38,95,70,26686.0,1%,28,74%,10.00,25%,1,89%,810.0,49%,1349.0,1%,1,50%,2,50%,3.13,62.0,67.0,2.38,95,large,35,77.5,65,25.5,,Above average,15-25,>70,39,hip problems,hip dysplasia,,,"21,307",6%,810,mid-price,400,1500,,,,19,984,"9,838","10,459","1,046",784.0,121,126.0,244.0,177.0,116.0,200
63,Greyhound,hound,2.29,140,85,15819.0,92%,46,43%,9.36,20%,1,89%,1175.0,14%,324.0,68%,2,75%,1,100%,3.67,63.0,48.0,2.29,140,large,29,65,,,,Average,25-40,>50,74,blood vessel disorders,familial vasculopathy,,,"13,771",91%,"1,175",mid-price,200,2500,4,4,4,5.34,278,"2,606","9,790","1,046",784.0,121,126.0,244.0,177.0,116.0,200
64,Scottish Terrier,terrier,2.27,54,45,17525.0,78%,65,18%,10.69,37%,1,89%,829.0,47%,324.0,68%,1,50%,2,50%,3.02,64.0,71.0,2.27,54,small,9,20,25,10,,Fair,40-80,>30,342,blood clotting disorder,von Willebrand's disease,,,"15,187",78%,829,mid-price,400,2200,4,4,4,5.34,278,"2,977","11,181","1,046",784.0,121,126.0,244.0,177.0,116.0,200
65,Rottweiler,working,2.24,10,10,18886.0,66%,9,91%,9.11,17%,3,67%,1118.0,18%,710.0,6%,2,75%,2,50%,3.12,65.0,68.0,2.24,10,large,,,62,24.5,,Brightest,<5,>95,654,"heart, elbow, hip problems","Subaortic stenosis, Elbow dysplasia - OCD of the elbow, Hip dysplasia",,,"16,395",64%,"1,118",mid-price,300,1800,8.75,7.5,10,11.67,609,"5,549","9,529","1,046",784.0,121,126.0,244.0,177.0,116.0,200
66,Kerry Blue Terrier,terrier,2.13,124,78,17240.0,83%,35,61%,9.40,21%,1,89%,1200.0,11%,466.0,23%,1,50%,2,50%,2.88,66.0,76.0,2.13,124,medium,17,36.5,47,18.5,,Above average,15-25,>70,353,heart problems,Patent ductus arteriosus (PDA),,,"14,994",82%,"1,200",mid-price,900,1500,5.75,4,7.5,7.67,400,"3,762","9,832","1,046",784.0,121,126.0,244.0,177.0,116.0,200
67,Afghan Hound,hound,2.08,88,66,24077.0,11%,80,1%,11.92,59%,0,100%,890.0,40%,710.0,6%,1,50%,1,100%,3.33,67.0,60.0,2.08,88,large,25,55,66,26,,Lowest,80-100,<25,154,,,,,"20,818",10%,890,mid-price,450,1000,8.75,7.5,10,11.67,609,"7,260","12,468","1,046",784.0,121,126.0,244.0,177.0,116.0,200
68,Newfoundland,working,2.07,43,37,19351.0,60%,34,64%,9.32,18%,2,78%,1178.0,13%,710.0,6%,2,75%,1,100%,3.45,68.0,58.0,2.07,43,large,57,125,69,27,,Above average,15-25,>70,340,"hip problems, heart defects","subaortic stenosis, hip dysplasia",,,"16,802",57%,"1,178",mid-price,500,2000,8.75,7.5,10,11.67,609,"5,677","9,748","1,046",784.0,121,126.0,244.0,177.0,116.0,200
69,German Shepherd,herding,2.06,2,2,17416.0,80%,3,98%,9.73,24%,8,11%,820.0,48%,466.0,23%,2,75%,2,50%,2.94,69.0,74.0,2.06,2,large,,,61,24,,Brightest,<5,>95,795,"nerves, pancreas, blood (hemophilia), hip joints","Degenerative myelopathy (nerve disorder), Exocrine pancreatic insufficiency, Hemophilia, Hip dysplasia, Renal cystadenocarcinoma and nodular dermatofibrosis, Pannus - chronic superficial keratitis, Panosteitis, Perianal fistula

",,,"15,091",80%,820,mid-price,400,1495,5.75,4,7.5,7.67,400,"3,895","10,177","1,046",784.0,121,126.0,244.0,177.0,116.0,200
70,Pekingese,toy,2.05,64,52,20565.0,40%,74,8%,11.56,51%,1,89%,885.0,41%,466.0,23%,1,50%,2,50%,2.80,70.0,78.0,2.05,64,small,6,13,,,to weigh no more than 14 pounds,Lowest,80-100,<25,94,knee problems,Patellar luxation,,,"17,803",39%,885,mid-price,200,3800,5.75,4,7.5,7.67,400,"4,627","12,091","1,046",784.0,121,126.0,244.0,177.0,116.0,200
71,Old English Sheepdog,herding,2.04,84,63,22611.0,15%,63,21%,11.19,44%,1,89%,832.0,46%,710.0,6%,1,50%,1,100%,3.29,71.0,61.0,2.04,84,medium,,,56,22,,Fair,40-80,>30,111,hip problems,hip dysplasia,,,"19,551",15%,832,mid-price,500,1000,8.75,7.5,10,11.67,609,"6,816","11,704","1,046",784.0,121,126.0,244.0,177.0,116.0,200
72,Akita,working,1.95,47,41,20994.0,37%,54,31%,10.16,30%,1,89%,1202.0,10%,710.0,6%,2,75%,3,0%,2.33,72.0,86.0,1.95,47,large,,,66,26,,Average,25-40,>50,192,hip problems,hip dysplasia,,,"18,217",34%,"1,202",mid-price,565,1800,8.75,7.5,10,11.67,609,"6,188","10,627","1,046",784.0,121,126.0,244.0,177.0,116.0,200
73,Rhodesian Ridgeback,hound,1.91,44,38,16530.0,85%,52,33%,9.10,16%,2,78%,995.0,29%,466.0,23%,2,75%,2,50%,2.78,73.0,79.0,1.91,44,large,35,77.5,65,25.5,,Average,25-40,>50,10,"birth defects, hip problems","dermoid sinus, Hip dysplasia",,,"14,355",85%,995,mid-price,750,1300,5.75,4,7.5,7.67,400,"3,642","9,518","1,046",784.0,121,126.0,244.0,177.0,116.0,200
74,French Bulldog,non-sporting,1.9,18,18,17266.0,82%,58,28%,9.00,11%,0,100%,1900.0,3%,466.0,23%,2,75%,1,100%,3.27,74.0,62.0,1.90,18,medium,12,27,,,must weigh 28 pounds or less,Fair,40-80,>30,71,,,,,"15,116",79%,"1,900",high-end,1300,3500,5.75,4,7.5,7.67,400,"3,602","9,414","1,046",784.0,121,126.0,244.0,177.0,116.0,200
75,Borzoi,hound,1.89,102,71,16176.0,87%,76,6%,9.08,15%,0,100%,675.0,64%,466.0,23%,1,50%,2,50%,2.64,75.0,82.0,1.89,102,large,37,82.5,71,28,"At least 28 in tall (males), 26 (females)",Lowest,80-100,<25,87,,,,,"14,007",89%,675,budget,300,1250,5.75,4,7.5,7.67,400,"3,634","9,497","1,046",784.0,121,126.0,244.0,177.0,116.0,200
76,Bernese Mountain Dog,working,1.85,34,31,16099.0,89%,22,78%,7.56,7%,4,56%,1320.0,8%,710.0,6%,2,75%,1,100%,3.23,76.0,63.0,1.85,34,large,,,64,25.25,,Excellent,5-15,>85,701,"meningitis, elbow + hip problems, complex immune disorder","Meningitis, Elbow dysplasia - OCD of the elbow, Hip dysplasia, Histiocytosis",,,"14,032",87%,"1,320",mid-price,750,2500,8.75,7.5,10,11.67,609,"4,605","7,907","1,046",784.0,121,126.0,244.0,177.0,116.0,200
77,Bull Terrier,terrier,1.85,51,44,18490.0,69%,66,17%,10.21,31%,2,78%,1085.0,20%,466.0,23%,2,75%,2,50%,2.72,77.0,80.0,1.85,51,medium,27,60,55,21.5,,Fair,40-80,>30,225,"heart problems, zinc metabolism disorder","lethal acrodermatitis, Mitral valve dysplasia",,,"16,051",68%,"1,085",mid-price,300,1750,5.75,4,7.5,7.67,400,"4,087","10,679","1,046",784.0,121,126.0,244.0,177.0,116.0,200
78,Boxer,working,1.83,7,7,15746.0,94%,48,39%,8.81,10%,4,56%,700.0,59%,466.0,23%,2,75%,1,100%,3.21,78.0,64.0,1.83,7,medium,,,59,23.25,,Average,25-40,>50,2112,"eye, nerve, heart problems","Corneal dystrophy, Degenerative myelopathy, Dilated cardiomyopathy, Subaortic stenosis",,,"13,641",94%,700,mid-price,300,2500,5.75,4,7.5,7.67,400,"3,526","9,215","1,046",784.0,121,126.0,244.0,177.0,116.0,200
79,Alaskan Malamute,working,1.82,58,47,21986.0,23%,50,36%,10.67,36%,2,78%,1210.0,9%,710.0,6%,1,50%,2,50%,2.57,79.0,83.0,1.82,58,large,36,80,61,24,Longevity based on UK KC Survey 2004,Average,25-40,>50,14,"hip problems, dwarfism","Hip dysplasia, Osteochondrodysplasia - skeletal dwarfism",,,"19,069",20%,"1,210",mid-price,550,2350,8.75,7.5,10,11.67,609,"6,499","11,160","1,046",784.0,121,126.0,244.0,177.0,116.0,200
80,Chow Chow,non-sporting,1.76,68,54,15898.0,91%,77,5%,9.01,13%,2,78%,515.0,89%,466.0,23%,1,50%,2,50%,2.51,80.0,85.0,1.76,68,medium,,,47,18.5,,Lowest,80-100,<25,38,"eye, hip problems","Entropion, Hip dysplasia",,,"13,745",92%,515,budget,200,750,5.75,4,7.5,7.67,400,"3,606","9,424","1,046",784.0,121,126.0,244.0,177.0,116.0,200
81,Bloodhound,hound,1.66,48,42,13824.0,98%,75,7%,6.75,3%,2,78%,608.0,76%,710.0,6%,2,75%,2,50%,2.54,81.0,84.0,1.66,48,large,39,85,64,25,,Lowest,80-100,<25,82,"fatal stomach bloat, skin problems","Gastric dilatation-volvulus, Hip dysplasia",,,"11,979",98%,608,budget,200,1000,8.75,7.5,10,11.67,609,"4,111","7,060","1,046",784.0,121,126.0,244.0,177.0,116.0,200
82,Irish Wolfhound,hound,1.66,79,60,18435.0,70%,41,53%,6.94,5%,3,67%,1333.0,7%,1217.0,2%,2,75%,1,100%,3.04,82.0,70.0,1.66,79,large,,,81,32,,Average,25-40,>50,121,"heart, liver, hip problems","Dilated cardiomyopathy, Hip dysplasia, Portosystemic shunt",,,"16,039",69%,"1,333",mid-price,800,1550,15,15,15,20.01,"1,044","7,246","7,259","1,046",784.0,121,126.0,244.0,177.0,116.0,200
83,Bullmastiff,working,1.64,40,35,13936.0,97%,69,14%,7.57,8%,2,78%,980.0,30%,466.0,23%,2,75%,1,100%,3.01,83.0,72.0,1.64,40,large,52,115,65,25.5,,Fair,40-80,>30,103,"eye, hip problems","Entropion, Hip dysplasia",,,"12,128",97%,980,mid-price,600,1600,5.75,4,7.5,7.67,400,"3,030","7,918","1,046",784.0,121,126.0,244.0,177.0,116.0,200
84,Mastiff,working,1.57,28,28,13581.0,99%,72,10%,6.50,2%,2,78%,900.0,38%,701.0,20%,2,75%,1,100%,2.94,84.0,73.0,1.57,28,large,79,175,76,30,min weight for dogs,Lowest,80-100,<25,94,"hip, heart problems","Hip dysplasia, Pulmonic stenosis",,,"11,224",100%,900,mid-price,150,1200,,,,10,512,"3,325","6,799","1,046",784.0,121,126.0,244.0,177.0,116.0,200
85,Great Dane,working,1.53,19,19,14662.0,95%,48,39%,6.96,6%,4,56%,1040.0,25%,710.0,6%,2,75%,1,100%,2.91,85.0,75.0,1.53,19,large,,,76,30,min height for males,Average,25-40,>50,667,"heart, spinal, hip problems, fatal stomach bloat","Dilated cardiomyopathy, Cervical vertebral instability (Wobbler syndrome), Gastric dilatation-volvulus, Hip dysplasia",,,"12,759",95%,"1,040",mid-price,500,2500,8.75,7.5,10,11.67,609,"4,239","7,280","1,046",784.0,121,126.0,244.0,177.0,116.0,200
86,Saint Bernard,working,1.42,49,43,20022.0,52%,65,18%,7.78,9%,3,67%,875.0,43%,1217.0,2%,1,50%,1,100%,2.67,86.0,81.0,1.42,49,large,70,155,67,26.5,,Fair,40-80,>30,93,"heart, hip disorders, fatal stomach bloat","Dilated cardiomyopathy, Gastric dilatation-volvulus, Hip dysplasia",,,"17,336",51%,875,mid-price,450,1500,15,15,15,20.01,"1,044","8,124","8,137","1,046",784.0,121,126.0,244.0,177.0,116.0,200
87,Bulldog,non-sporting,0.99,6,6,13479.0,100%,78,3%,6.29,1%,5,44%,2680.0,1%,466.0,23%,2,75%,2,50%,1.86,87.0,87.0,0.99,6,medium,20,45,,,English bulldog,Lowest,80-100,<25,197,"breathing, hip, heart problems, 'dry eye'","brachycephalic syndrome, Hip dysplasia, Keratoconjunctivitis sicca (KCS) - ""dry eye"", Pulmonic stenosis, Ventricular septal defect (VSD)",,,"11,977",99%,"2,680",high-end,1500,5500,5.75,4,7.5,7.67,400,"2,518","6,579","1,046",784.0,121,126.0,244.0,177.0,116.0,200
88,Airedale Terrier,terrier,,55,,,,29,,11.45,,1,,733.0,,,,,,,,,,,,,medium,,,58,23,,Above average,15-25,>70,307,hip problems,hip dysplasia,,,,,733,mid-price,475,1200,,,,,,,"11,976","1,046",784.0,121,126.0,244.0,177.0,116.0,200
89,American English Coonhound,hound,,33,,,,,,11.5,,,,283.0,,,,,,,,,,,,,large,,,62,24.5,6 dogs for sale only,,,,,,,,,,,283,budget,100,350,,,,,,,,"1,046",784.0,121,126.0,244.0,177.0,116.0,200
90,American Eskimo Dog,non-sporting,,116,,,,,,,,0,,560.0,,,,,,,,,,,,,small,,,36,14,,,,,,,,,,,,560,budget,300,950,,,,,,,,"1,046",784.0,121,126.0,244.0,177.0,116.0,200
91,American Foxhound,hound,,173,,,,46,,,,,,757.0,,,,,,,,,,,,,medium,,,58,23,Price: only 7 puppies listed for this breed,Average,25-40,>50,,,,,,,,757,mid-price,250,1000,,,,,,,,"1,046",784.0,121,126.0,244.0,177.0,116.0,200
92,American Staffordshire Terrier,terrier,,72,,,,34,,,,1,,1043.0,,,,,,,,,,,,,medium,,,46,18,,Above average,15-25,>70,,skin problems,Demodicosis/ Demodectic mange,,,,,"1,043",mid-price,250,1500,,,,,,,,"1,046",784.0,121,126.0,244.0,177.0,116.0,200
93,American Water Spaniel,sporting,,157,,,,44,,,,0,,730.0,,,,,,,,,,,,,medium,16,35,42,16.5,,Average,25-40,>50,,,,,,,,730,mid-price,600,1250,,,,,,,,"1,046",784.0,121,126.0,244.0,177.0,116.0,200
94,Anatolian Shepherd Dog,working,,111,,,,,,10.75,,,,,,,,2,,2,,,,,,,large,52,115,71,28,,,,,23,,,,,,,,,,,8.75,7.5,10,11.67,,"6,548","11,244","1,046",784.0,121,126.0,244.0,177.0,116.0,200
95,Bearded Collie,herding,,112,,,,34,,12.77,,0,,,,,,1,,1,,,,,,,medium,,,53,21,,Above average,15-25,>70,551,,,,,,,,,,,5.75,4,7.5,7.67,,"5,111","13,357","1,046",784.0,121,126.0,244.0,177.0,116.0,200
96,Beauceron,herding,,144,,,,,,,,,,967.0,,,,,,,,,,,,,large,,,65,25.75,3 dogs for sale only,,,,,,,,,,,967,mid-price,950,"1,000",,,,,,,,"1,046",784.0,121,126.0,244.0,177.0,116.0,200
97,Belgian Malinois,herding,,74,,,,22,,,,0,,1080.0,,,,2,,1,,,,,,,large,,,61,24,,Excellent,5-15,>85,,,,,,,,"1,080",mid-price,550,2000,5.75,4,7.5,7.67,,,,"1,046",784.0,121,126.0,244.0,177.0,116.0,200
98,Belgian Sheepdog,herding,,118,,,,15,,,,4,,,,,,,,,,,,,,,large,,,61,24,,Excellent,5-15,>85,,"cataracts + other eye problems, muscular dystrophy","Cataracts, Pannus - chronic superficial keratitis, Progressive retinal atrophy, X-linked muscular dystrophy",,,,,,,,,,,,,,,,"1,046",784.0,121,126.0,244.0,177.0,116.0,200
99,Black and Tan Coonhound,hound,,109,,,,44,,,,0,,325.0,,,,,,,,,,,,,large,,,64,25,,Average,25-40,>50,,,,,,,,325,budget,200,500,,,,,,,,"1,046",784.0,121,126.0,244.0,177.0,116.0,200
100,Black Russian Terrier,working,,128,,,,,,1.83,,0,,2833.0,,,,,,,,,,,,,large,,,71,28,3 dogs for sale only,,,,4,,,,,,,"2,833",high-end,2500,3000,,,,,,,,"1,046",784.0,121,126.0,244.0,177.0,116.0,200
101,Bluetick Coonhound,hound,,136,,,,,,,,0,,370.0,,,,,,,,,,,,,large,28,62.5,61,24,,,,,,,,,,,,370,budget,200,500,,,,,,,,"1,046",784.0,121,126.0,244.0,177.0,116.0,200
102,Boykin Spaniel,sporting,,138,,,,,,,,,,531.0,,,,,,,,,,,,,medium,,,41,16,,,,,,,,,,,,531,budget,200,800,,,,,,,,"1,046",784.0,121,126.0,244.0,177.0,116.0,200
103,Canaan Dog,herding,,168,,,,,,14.67,,0,,,,,,2,,1,,,,,,,medium,20,45,55,21.5,,,,,2,,,,,,,,,,,5.75,4,7.5,7.67,,"5,872","15,344","1,046",784.0,121,126.0,244.0,177.0,116.0,200
104,Cane Corso,working,,67,,,,,,,,,,1070.0,,,,,,,,,,,,,large,,,64,25,,,,,,,,,,,,"1,070",mid-price,900,1500,,,,,,,,"1,046",784.0,121,126.0,244.0,177.0,116.0,200
105,Cardigan Welsh Corgi,herding,,81,,,,26,,12.70,,0,,828.0,,,,,,,,,,,,,small,14,31.5,29,11.5,,Excellent,5-15,>85,53,,,,,,,828,mid-price,395,1085,,,,,,,"13,284","1,046",784.0,121,126.0,244.0,177.0,116.0,200
106,Cesky Terrier,terrier,,106,,,,,,8.42,,,,,,,,2,,1,,,,,,,small,9,19,29,11.5,,,,,9,,,,,,,,,,,5.75,4,7.5,7.67,,"3,370","8,807","1,046",784.0,121,126.0,244.0,177.0,116.0,200
107,Chinese Crested,toy,,61,,,,61,,10.08,,,,538.0,,,,,,,,,,,,,small,,,30,12,,Fair,40-80,>30,829,,,,,,,538,budget,125,1300,,,,,,,"10,543","1,046",784.0,121,126.0,244.0,177.0,116.0,200
108,Chinese Shar Pei,non-sporting,,50,,,,51,,,,4,,840.0,,,,,,,,,,,,,medium,24,52.5,48,19,,Average,25-40,>50,,"canine hay fever, skin, eye, hip problems","Atopy, Demodicosis/ Demodectic mange, Entropion, Hip dysplasia",,,,,840,mid-price,350,2000,,,,,,,,"1,046",784.0,121,126.0,244.0,177.0,116.0,200
109,Collie,herding,,36,,,,16,,,,2,,650.0,,,,,,,,,,,,,large,28,62.5,61,24,,Excellent,5-15,>85,,"eye, skin and muscle disorders","Collie eye anomaly (CEA), Dermatomyositis and ulcerative dermatosis",,,,,650,budget,350,950,,,,,,,,"1,046",784.0,121,126.0,244.0,177.0,116.0,200
110,Curly Coated Retriever,sporting,,154,,,,41,,10.75,,0,,,,,,2,,2,,,,,,,large,,,64,25,,Average,25-40,>50,40,,,,,,,,,,,8.75,7.5,10,11.67,,"6,548","11,244","1,046",784.0,121,126.0,244.0,177.0,116.0,200
111,English Foxhound,hound,,171,,,,46,,,,0,,,,,,,,,,,,,,,large,,,61,24,,Average,25-40,>50,,,,,,,,,,,,,,,,,,,"1,046",784.0,121,126.0,244.0,177.0,116.0,200
112,Entlebucher Mountain Dog,herding,,146,,,,,,,,,,1167.0,,,,,,,,,,,,,medium,,,47,18.5,3 dogs for sale only,,,,,,,,,,,"1,167",mid-price,"1,000","1,300",,,,,,,,"1,046",784.0,121,126.0,244.0,177.0,116.0,200
113,Field Spaniel,sporting,,141,,,,34,,9.90,,0,,,,,,1,,2,,,,,,,medium,,,44,17.5,,Above average,15-25,>70,139,,,,,,,,,,,5.75,4,7.5,7.67,,"3,963","10,355","1,046",784.0,121,126.0,244.0,177.0,116.0,200
114,Finnish Lapphund,herding,,104,,,,,,7.33,,,,,,,,1,,1,,,,,,,medium,,,47,18.5,,,,,5,,,,,,,,,,,5.75,4,7.5,7.67,,"2,934","7,667","1,046",784.0,121,126.0,244.0,177.0,116.0,200
115,Finnish Spitz,non-sporting,,167,,,,43,,11.17,,0,,,,,,2,,1,,,,,,,medium,,,45,17.75,,Average,25-40,>50,42,,,,,,,,,,,5.75,4,7.5,7.67,,"4,471","11,683","1,046",784.0,121,126.0,244.0,177.0,116.0,200
116,German Pinscher,working,,137,,,,,,11.42,,,,1500.0,,,,,,,,,,,,,medium,,,47,18.5,only one dog for sale,,,,24,,,,,,,"1,500",high-end,1500,1500,,,,,,,"11,945","1,046",784.0,121,126.0,244.0,177.0,116.0,200
117,German Wirehaired Pointer,sporting,,75,,,,44,,10.00,,1,,655.0,,,,,,,,,,,,,large,,,61,24,,Average,25-40,>50,41,hip problems,hip dysplasia,,,,,655,budget,600,800,,,,,,,"10,459","1,046",784.0,121,126.0,244.0,177.0,116.0,200
118,Glen of Imaal Terrier,terrier,,158,,,,,,10.42,,,,,,,,,,,,,,,,,small,16,35,34,13.25,,,,,6,,,,,,,,,,,,,,,,,"10,899","1,046",784.0,121,126.0,244.0,177.0,116.0,200
119,Great Pyrenees,working,,71,,,,64,,10.00,,1,,503.0,,,,,,,,,,,,,large,,,72,28.5,"Excludes death from accidents (10.47%), euthanasia for temperament problems (9.13%), and dogs euthanized within 8 weeks of birth (2.23%).   With those included, median longevity would probably be about 9 yrs. ",Fair,40-80,>30,454,hip problems,hip dysplasia,,,,,503,budget,225,800,,,,,,,"10,459","1,046",784.0,121,126.0,244.0,177.0,116.0,200
120,Greater Swiss Mountain Dog,working,,82,,,,,,6.80,,1,,1605.0,,,,,,,,,,,,,large,,,66,26,,,,,71,hip problems,hip dysplasia,,,,,"1,605",high-end,900,2500,,,,,,,"7,112","1,046",784.0,121,126.0,244.0,177.0,116.0,200
121,Harrier,hound,,172,,,,,,,,0,,,,,,,,,,,,,,,medium,,,51,20,,,,,,,,,,,,,,,,,,,,,,,"1,046",784.0,121,126.0,244.0,177.0,116.0,200
122,Havanese,toy,,31,,,,,,10.25,,0,,830.0,,,,,,,,,,,,,small,,,25,9.75,,,,,3,,,,,,,830,mid-price,300,1500,,,,,,,"10,721","1,046",784.0,121,126.0,244.0,177.0,116.0,200
123,Ibizan Hound,hound,,149,,,,53,,,,0,,1500.0,,,,2,,1,,,,,,,large,,,64,25,Only 2 puppies for sale,Average,25-40,>50,,,,,,,,"1,500",high-end,1500,1500,5.75,4,7.5,7.67,,,,"1,046",784.0,121,126.0,244.0,177.0,116.0,200
124,Icelandic Sheepdog,herding,,143,,,,,,,,,,,,,,,,,,,,,,,medium,,,44,17.25,,,,,,,,,,,,,,,,,,,,,,,"1,046",784.0,121,126.0,244.0,177.0,116.0,200
125,Irish Red and White Setter,sporting,,147,,,,,,11.57,,,,1000.0,,,,,,,,,,,,,large,,,62,24.25,only 2 dogs for sale,,,,199,,,,,,,"1,000",mid-price,"1,000","1,000",,,,,,,"12,102","1,046",784.0,121,126.0,244.0,177.0,116.0,200
126,Irish Terrier,terrier,,132,,,,53,,,,0,,588.0,,,,2,,1,,,,,,,medium,12,26,46,18,,Average,25-40,>50,,,,,,,,588,budget,400,850,5.75,4,7.5,7.67,,,,"1,046",784.0,121,126.0,244.0,177.0,116.0,200
127,Irish Water Spaniel,sporting,,150,,,,24,,9.33,,1,,,,,,2,,1,,,,,,,medium,25,55,57,22.5,,Excellent,5-15,>85,95,hip problems,hip dysplasia,,,,,,,,,8.75,7.5,10,11.67,,"5,683","9,759","1,046",784.0,121,126.0,244.0,177.0,116.0,200
128,Japanese Chin,toy,,78,,,,62,,9.25,,0,,513.0,,,,,,,,,,,,,small,,,24,9.5,,Fair,40-80,>30,38,,,,,,,513,budget,200,800,,,,,,,"9,675","1,046",784.0,121,126.0,244.0,177.0,116.0,200
129,Keeshond,non-sporting,,98,,,,16,,12.17,,1,,610.0,,,,,,,,,,,,,medium,,,44,17.5,,Excellent,5-15,>85,104,hip problems,hip dysplasia,,,,,610,budget,350,1000,,,,,,,"12,729","1,046",784.0,121,126.0,244.0,177.0,116.0,200
130,Komondor,working,,166,,,,,,9.17,,1,,656.0,,,,,,,,,,,,,large,45,100,70,27.5,,,,,10,hip problems,hip dysplasia,,,,,656,budget,500,850,,,,,,,"9,591","1,046",784.0,121,126.0,244.0,177.0,116.0,200
131,Kuvasz,working,,148,,,,42,,,,1,,,,,,,,,,,,,,,large,42,92.5,71,28,,Average,25-40,>50,,hip problems,hip dysplasia,,,,,,,,,,,,,,,,"1,046",784.0,121,126.0,244.0,177.0,116.0,200
132,Lakeland Terrier,terrier,,135,,,,62,,,,0,,1093.0,,,,2,,1,,,,,,,small,8,17,37,14.5,,Fair,40-80,>30,,,,,,,,"1,093",mid-price,575,1600,5.75,4,7.5,7.67,,,,"1,046",784.0,121,126.0,244.0,177.0,116.0,200
133,Leonberger,working,,103,,15141.0,,,,6.98,,,,1480.0,,,,2,,1,,,,,,,large,,,72,28.5,5 dogs for sale only,,,,125,,,,,"13,232",,"1,480",mid-price,700,1800,8.75,7.5,10,11.67,,"4,251","7,301","1,046",784.0,121,126.0,244.0,177.0,116.0,200
135,Löwchen,non-sporting,,152,,,,,,10.00,,0,,,,,,,,,,,,,,,small,,,33,13,,,,,9,,,,,,,,,,,,,,,,,"10,459","1,046",784.0,121,126.0,244.0,177.0,116.0,200
136,Manchester Terrier,terrier,,119,,,,32,,9.32,,0,,720.0,,,,,,,,,,,,,small,8,17,,,only 7 puppies for sale. weight for standard (not miniature),Above average,15-25,>70,142,,,,,,,720,mid-price,140,1500,,,,,,,"9,748","1,046",784.0,121,126.0,244.0,177.0,116.0,200
137,Miniature Bull Terrier,terrier,,127,,,,,,6.60,,0,,1740.0,,,,,,,,,,,,,small,,,30,12,,,,,73,,,,,,,"1,740",high-end,999,2800,,,,,,,"6,903","1,046",784.0,121,126.0,244.0,177.0,116.0,200
138,Miniature Pinscher,toy,,42,,,,37,,,,0,,535.0,,,,,,,,,,,,,small,,,29,11.25,,Above average,15-25,>70,,,,,,,,535,budget,300,900,,,,,,,,"1,046",784.0,121,126.0,244.0,177.0,116.0,200
139,Neapolitan Mastiff,working,,110,,,,,,,,1,,1760.0,,,,2,,1,,,,,,,large,59,130,70,27.5,,,,,,hip problems,hip dysplasia,,,,,"1,760",high-end,850,3500,15,15,15,20.01,,,,"1,046",784.0,121,126.0,244.0,177.0,116.0,200
140,Norwegian Buhund,herding,,165,,,,,,12.67,,,,,,,,,,,,,,,,,medium,15,33,44,17.25,,,,,17,,,,,,,,,,,,,,,,,"13,252","1,046",784.0,121,126.0,244.0,177.0,116.0,200
141,Norwegian Elkhound,hound,,96,,,,36,,,,1,,448.0,,,,,,,,,,,,,medium,23,51.5,51,20,price: 5 puppies only,Above average,15-25,>70,,hip problems,hip dysplasia,,,,,448,budget,350,500,,,,,,,,"1,046",784.0,121,126.0,244.0,177.0,116.0,200
142,Norwegian Lundehund,non-sporting,,170,,,,,,,,,,,,,,,,,,,,,,,small,,,34,13.5,,,,,,,,,,,,,,,,,,,,,,,"1,046",784.0,121,126.0,244.0,177.0,116.0,200
143,Norwich Terrier,terrier,,89,,,,38,,,,0,,1245.0,,,,2,,2,,,,,,,small,5,12,25,10,,Above average,15-25,>70,,,,,,,,"1,245",mid-price,750,2000,5.75,4,7.5,7.67,,,,"1,046",784.0,121,126.0,244.0,177.0,116.0,200
145,Nova Scotia Duck Tolling Retriever,sporting,,107,,12653.0,,,,6.50,,1,,1500.0,,,,2,,1,,,,,,,medium,,,48,19,4 dogs for sale only,,,,150,hip problems,hip dysplasia,,,"11,100",,"1,500",high-end,1500,1500,5.75,4,7.5,7.67,,"2,602","6,799","1,046",784.0,121,126.0,244.0,177.0,116.0,200
146,Otterhound,hound,,169,,,,46,,10.80,,1,,,,,,2,,1,,,,,,,large,44,97.5,65,25.5,,Average,25-40,>50,41,hip problems,hip dysplasia,,,,,,,,,5.75,4,7.5,7.67,,"4,323","11,296","1,046",784.0,121,126.0,244.0,177.0,116.0,200
147,Parson Russell Terrier,terrier,,97,,,,,,,,0,,528.0,,,,2,,2,,,,,,,small,7,15,34,13.5,,,,,,,,,,,,528,budget,150,850,5.75,4,7.5,7.67,,,,"1,046",784.0,121,126.0,244.0,177.0,116.0,200
148,Petit Basset Griffon Vendeen,hound,,131,,,,62,,12.70,,0,,400.0,,,,,,,,,,,,,small,,,36,14,price: 3 puppies for sale only,Fair,40-80,>30,45,,,,,,,400,budget,250,700,,,,,,,"13,284","1,046",784.0,121,126.0,244.0,177.0,116.0,200
149,Plott,hound,,145,,,,,,,,0,,,,,,,,,,,,,,,medium,23,50,57,22.5,,,,,,,,,,,,,,,,,,,,,,,"1,046",784.0,121,126.0,244.0,177.0,116.0,200
150,Polish Lowland Sheepdog,herding,,159,,,,,,10.80,,,,,,,,2,,2,,,,,,,medium,,,47,18.5,,,,,30,,,,,,,,,,,5.75,4,7.5,7.67,,"4,323","11,296","1,046",784.0,121,126.0,244.0,177.0,116.0,200
151,Portuguese Water Dog,working,,56,,,,,,11.42,,0,,,,,,,,,,,,,,,medium,22,47.5,51,20,,,,,6,,,,,,,,,,,,,,,,,"11,945","1,046",784.0,121,126.0,244.0,177.0,116.0,200
152,Puli,herding,,156,,,,27,,,,0,,913.0,,,,,,,,,,,,,medium,,,42,16.5,,Above average,15-25,>70,,,,,,,,913,mid-price,700,1000,,,,,,,,"1,046",784.0,121,126.0,244.0,177.0,116.0,200
153,Pyrenean Shepherd,herding,,162,,,,,,,,,,,,,,,,,,,,,,,medium,,,46,18,,,,,,,,,,,,,,,,,,,,,,,"1,046",784.0,121,126.0,244.0,177.0,116.0,200
154,Redbone Coonhound,hound,,126,,,,,,,,0,,425.0,,,,,,,,,,,,,large,,,61,24,,,,,,,,,,,,425,budget,300,700,,,,,,,,"1,046",784.0,121,126.0,244.0,177.0,116.0,200
155,Schipperke,non-sporting,,105,,,,15,,13.00,,4,,658.0,,,,,,,,,,,,,small,,,29,11.5,,Excellent,5-15,>85,36,"hair loss, diabetes, skin problems","colour dilution alopecia, Diabetes mellitus, Follicular dysplasias, Pemphigus",,,,,658,budget,300,975,,,,,,,"13,597","1,046",784.0,121,126.0,244.0,177.0,116.0,200
156,Scottish Deerhound,hound,,142,,,,47,,8.70,,2,,,,,,,,,,,,,,,large,42,92.5,,,,Average,25-40,>50,300,"heart problems, fatal stomach bloat","Dilated cardiomyopathy, Gastric dilatation-volvulus",,,,,,,,,,,,,,,"9,100","1,046",784.0,121,126.0,244.0,177.0,116.0,200
157,Sealyham Terrier,terrier,,163,,,,56,,12.25,,1,,,,,,,,,,,,,,,small,11,24,27,10.5,,Fair,40-80,>30,12,eye problems,Retinal dysplasia,,,,,,,,,,,,,,,"12,813","1,046",784.0,121,126.0,244.0,177.0,116.0,200
158,Shiba Inu,non-sporting,,53,,,,,,7.00,,1,,890.0,,,,,,,,,,,,,small,9,20,38,15,,,,,3,hip problems,hip dysplasia,,,,,890,mid-price,650,1400,,,,,,,"7,322","1,046",784.0,121,126.0,244.0,177.0,116.0,200
159,Silky Terrier,toy,,85,,,,37,,14.25,,0,,448.0,,,,,,,,,,,,,small,5,10,24,9.5,,Above average,15-25,>70,3,,,,,,,448,budget,250,500,,,,,,,"14,905","1,046",784.0,121,126.0,244.0,177.0,116.0,200
160,Skye Terrier,terrier,,164,,,,55,,11.00,,0,,550.0,,,,,,,,,,,,,small,18,40,25,9.75,,Fair,40-80,>30,37,,,,,,,550,budget,500,600,,,,,,,"11,505","1,046",784.0,121,126.0,244.0,177.0,116.0,200
161,Smooth Fox Terrier,terrier,,113,,,,40,,13.17,,0,,575.0,,,,,,,,,,,,,small,8,17.5,38,15,"Longevity: All fox terriers. Size: a full-sized, well balanced dog should not exceed 15½ inches at the withers--the bitch being proportionately lower. A dog with these measurements should scale 18 pounds in show condition--a bitch weighing some two pounds less-with a margin of one pound either way.",Average,25-40,>50,44,,,,,,,575,budget,450,750,,,,,,,"13,775","1,046",784.0,121,126.0,244.0,177.0,116.0,200
162,Soft-Coated Wheaten Terrier,terrier,,52,,,,40,,12.16,,0,,832.0,,,,,,,,,,,,,medium,16,35,46,18,,Average,25-40,>50,345,,,,,,,832,mid-price,675,1000,,,,,,,"12,719","1,046",784.0,121,126.0,244.0,177.0,116.0,200
163,Spinone Italiano,sporting,,123,,,,,,9.00,,,,1725.0,,,,,,,,,,,,,large,,,62,24.5,4 dogs for sale only,,,,47,,,,,,,"1,725",high-end,1100,2000,,,,,,,"9,414","1,046",784.0,121,126.0,244.0,177.0,116.0,200
164,Standard Schnauzer,working,,91,,,,18,,,,1,,855.0,,,,,,,,,,,,,medium,,,47,18.5,,Excellent,5-15,>85,,hip problems,hip dysplasia,,,,,855,mid-price,50,1500,,,,,,,,"1,046",784.0,121,126.0,244.0,177.0,116.0,200
165,Sussex Spaniel,sporting,,161,,,,,,11.17,,0,,,,,,2,,3,,,,,,,small,18,40,36,14,,,,,42,,,,,,,,,,,5.75,4,7.5,7.67,,"4,471","11,683","1,046",784.0,121,126.0,244.0,177.0,116.0,200
166,Swedish Vallhund,herding,,153,,22839.0,,,,14.17,,,,772.0,,,,2,,1,,,,,,,small,,,32,12.5,,,,,7,,,,,"19,739",,772,mid-price,550,1000,4,4,4,5.34,,"3,946","14,821","1,046",784.0,121,126.0,244.0,177.0,116.0,200
167,Tibetan Mastiff,working,,122,,23747.0,,,,11.92,,,,3460.0,,,,2,,1,,,,,,,large,,,64,25,5 dogs for sale only,,,,10,,,,,"20,899",,"3,460",high-end,800,6500,5.75,4,7.5,7.67,,"4,771","12,468","1,046",784.0,121,126.0,244.0,177.0,116.0,200
168,Toy Fox Terrier,toy,,101,,,,,,,,,,460.0,,,,,,,,,,,,,small,,,25,10,,,,,,,,,,,,460,budget,200,650,,,,,,,,"1,046",784.0,121,126.0,244.0,177.0,116.0,200
169,Vizsla,sporting,,37,,,,25,,12.50,,0,,935.0,,,,,,,,,,,,,medium,,,57,22.5,,Excellent,5-15,>85,6,,,,,,,935,mid-price,800,1200,,,,,,,"13,074","1,046",784.0,121,126.0,244.0,177.0,116.0,200
170,Weimaraner,sporting,,32,,,,21,,,,1,,562.0,,,,2,,1,,,,,,,large,,,64,25,,Excellent,5-15,>85,,hip problems,hip dysplasia,,,,,562,budget,300,900,5.75,4,7.5,7.67,,,,"1,046",784.0,121,126.0,244.0,177.0,116.0,200
171,Welsh Terrier,terrier,,99,,,,53,,,,0,,843.0,,,,2,,1,,,,,,,small,9,20,38,15,,Average,25-40,>50,,,,,,,,843,mid-price,575,1250,4,4,4,5.34,,,,"1,046",784.0,121,126.0,244.0,177.0,116.0,200
172,Wire Fox Terrier,terrier,,100,,,,51,,13.17,,0,,668.0,,,,,,,,,,,,,small,8,17.5,38,15,Longevity: All fox terriers. Should not exceed 15½ inches tall at the shoulder and 18 pounds.,Average,25-40,>50,44,,,,,,,668,budget,175,1600,,,,,,,"13,775","1,046",784.0,121,126.0,244.0,177.0,116.0,200
173,Wirehaired Pointing Griffon,sporting,,92,,,,46,,8.80,,0,,755.0,,,,,,,,,,,,,medium,,,56,22,,Average,25-40,>50,16,,,,,,,755,mid-price,750,800,,,,,,,"9,204","1,046",784.0,121,126.0,244.0,177.0,116.0,200
174,Xoloitzcuintli,non-sporting,,155,,,,,,,,,,717.0,,,,,,,,,,,,,medium,,,42,16.5,,,,,,,,,,,,717,mid-price,300,"2,000",,,,,,,,"1,046",784.0,121,126.0,244.0,177.0,116.0,200
